from,to,expandToAllLocales
/account/login,/,TRUE
/products/emotiv-launcher-rasperry-pi-beta,/emotiv-launcher,TRUE
/products/emotiv-launcher-ubuntu-beta,/emotiv-launcher,TRUE
/collections/headsets-collection/products/flex-saline,/products/flex-saline,TRUE
/collections/da-all-products/products/flex-saline,/products/flex-saline,TRUE
/pages/mn8-headphones,/mn8,TRUE
/epoc-x-pre-sale/,/,TRUE
/collections/da-all-products/products/mn8,/mn8,TRUE
/collections/headsets-collection/products/mn8,/mn8,TRUE
/collections/headsets-collection/products/flex-gel,/products/flex-gel,TRUE
/collections/da-all-products/products/flex-gel,/products/flex-gel,TRUE
/collections/all/products/emotivpro,/emotivpro,TRUE
/collections/software/products/emotivpro,/emotivpro,TRUE
/collections/headsets-collection,/mw20,TRUE
/collections/da-all-products/products/epoc-x,/epoc-x,TRUE
/collections/headsets-collection/products/epoc-x,/epoc-x,TRUE
/collections/software/products/emotiv-studio,/emotiv-studio,TRUE
/pages/brain-computer-interfaces-emotiv-insight,/insight,TRUE
/collections/da-all-products/products/insight,/insight,TRUE
/collections/headsets-collection/products/insight,/insight,TRUE
/collections/software/products/emotiv-bci,/emotiv-bci,TRUE
/collections/software/products/emotiv-brainviz,/emotiv-brainviz,TRUE
/collections/software/products/bci-osc,/products/bci-osc,TRUE
/collections/accessories/products/epoc-flex-cap,https://shop.emotiv.com/epoc-flex-cap/,TRUE
/collections/accessories/products/epoc-felt-sensors,https://shop.emotiv.com/emotiv-felt-sensors/,TRUE
/collections/accessories/products/epoc-flex-gel-sensors,https://shop.emotiv.com/emotiv-flex-sensors/,TRUE
/collections/accessories/products/epoc-flex-saline-sensors,https://shop.emotiv.com/emotiv-flex-sensors/,TRUE
/collections/accessories/products/epoc-hydrator-pack,https://shop.emotiv.com/epoc-hydrator-pack/,TRUE
/collections/accessories/products/epoc-x-rubber-comfort-pads,https://shop.emotiv.com/epocx-rubber-comfort-pads/,TRUE
/collections/accessories/products/usb-receiver-universal-model-for-emotiv-epoc-insight,https://shop.emotiv.com/usb-receiver-universal-model/,TRUE
/collections/accessories/products/flex-control-box,https://shop.emotiv.com/flex-control-box-2-0/,TRUE
/collections/accessories/products/emotiv-insight-sensor-tips,https://shop.emotiv.com/insight-sensor-tips/,TRUE
/collections/accessories/products/charging-cable-for-the-insight-headset,https://shop.emotiv.com/insight-charging-cable/,TRUE
/collections/accessories/products/epoc-protective-case-us-orders-only,https://shop.emotiv.com/epoc-protective-case/,TRUE
/collections/x-trodes/products/xtr-eeg-multi-electrode-patch-pack-of-30-with-data-acquisition-unit,https://shop.emotiv.com/x-trodes-multi-electrode-patch-and-data-acquisition-unit/,TRUE
/collections/x-trodes/products/xtr-exg-multi-electrode-patch-pack-of-30-with-data-acquisition-unit,https://shop.emotiv.com/x-trodes-multi-electrode-patch-and-data-acquisition-unit/,TRUE
/collections/x-trodes/products/xtr-eeg12,https://shop.emotiv.com/x-trodes-multi-electrode-patch-and-data-acquisition-unit/,TRUE
/collections/x-trodes/products/xtr-multi-electrode-patches-bundle-10x-eeg-10x-eeg-10x-exg-with-data-acquisition-unit,https://shop.emotiv.com/x-trodes-multi-electrode-patch-and-data-acquisition-unit/,TRUE
/collections/accessories/products/mn8-sensor-pack,https://shop.emotiv.com/mn8-sensor-pack/,TRUE
/collections/x-trodes/products/xtrodes-montage-eeg-1,https://shop.emotiv.com/xtrodes-eeg%E2%82%81%E2%82%82-multi-electrode-patch/,TRUE
/collections/accessories/products/flex-silicone-skirt-pack,https://shop.emotiv.com/flex-silicone-skirt-pack/,TRUE
/collections/x-trodes/products/xtrodes-montage-eeg,https://shop.emotiv.com/xtrodes-eeg%E2%82%81%E2%82%86-multi-electrode-patch/,TRUE
/collections/x-trodes/products/xtrodes-montage-exg,https://shop.emotiv.com/xtrodes-exg%E2%82%82-multi-electrode-patch/,TRUE
/en2es.search.translate.goog/blogs/how-to/understanding-the-10-20-system-of-eeg-electrode-placement,/blogs/how-to/understanding-the-10-20-system-of-eeg-electrode-placement,TRUE
/en-us/blogs/glossary/eeg-machine,/blogs/glossary/eeg-machine,TRUE
/pages/emotiv-insight-leading-mind-control-bci-technology-b,/pages/emotiv-insight-leading-mind-control-bci-technology-v2,TRUE
/pages/contact-support,/pages/contact,TRUE
/tools/knowledge-base/emotivpro-technical-information/emotiv-data-for-qeeg-interpretation-,/tools/knowledge-base/emotiv-headsets/emotiv-data-for-qeeg-interpretation-,TRUE
/pages/faqs/null,/pages/faqs,TRUE
/tools/knowledge-base/shipping-taxes-and-delivery/what-is-included-in-the-headset-package-2,/,TRUE
/pages/patents/null,/pages/patents,TRUE
/blogs/how-to/n-a,/blogs/how-to,TRUE
/products/epoc,/epoc-x,TRUE
/collections/promotion,https://shop.emotiv.com/,TRUE
/products/epoc-flex-cap,https://shop.emotiv.com/epoc-flex-cap/,TRUE
/pages/faqs,/knowledge-base,TRUE
/products/epoc-felt-sensors,https://shop.emotiv.com/emotiv-felt-sensors/,TRUE
/pages/emotivpro-licensing-monthly,/emotivpro,TRUE
/products/epoc-hydrator-pack,https://shop.emotiv.com/epoc-hydrator-pack,TRUE
/products/epoc-flex-gel-sensors,https://shop.emotiv.com/emotiv-flex-sensors/,TRUE
/pages/emotiv-black-friday,https://shop.emotiv.com/,TRUE
/products/epoc-flex-saline-sensors,https://shop.emotiv.com/emotiv-flex-sensors/,TRUE
/products/usb-receiver-universal-model-for-emotiv-epoc-insight,https://shop.emotiv.com/usb-receiver-universal-model/,TRUE
/products/flex-control-box,https://shop.emotiv.com/flex-control-box-2-0/,TRUE
/products/emotiv-insight-sensor-tips,https://shop.emotiv.com/insight-sensor-tips/,TRUE
/products/standard-annual-paid-monthly,/emotivpro,TRUE
/pages/pro-licensing-table-v1,/emotivpro,TRUE
/products/charging-cable-for-the-insight-headset,https://shop.emotiv.com/insight-charging-cable/,TRUE
/products/epoc-x-rubber-comfort-pads,https://shop.emotiv.com/epocx-rubber-comfort-pads/,TRUE
/products/epoc-protective-case-us-orders-only,https://shop.emotiv.com/epoc-protective-case/,TRUE
/pages/contour,/emotiv-app,TRUE
/products/emotivpro-student-monthly,/emotivpro,TRUE
/products/xtr-eeg-multi-electrode-patch-pack-of-30-with-data-acquisition-unit,https://shop.emotiv.com/x-trodes-multi-electrode-patch-and-data-acquisition-unit/,TRUE
/products/labs,https://labs.emotiv.com/,TRUE
/blogs/career/inside-sales-representative,/blogs/careers,TRUE
/pages/copy-of-emotivpro-licensing-every-5-years,/emotivpro,TRUE
/products/xtrodes-montage-eeg-1,https://shop.emotiv.com/xtrodes-eeg%E2%82%81%E2%82%82-multi-electrode-patch/,TRUE
/products/xtr-eeg12,https://shop.emotiv.com/xtrodes-eeg%E2%82%81%E2%82%82-multi-electrode-patch/,TRUE
/products/standard-annual-prepaid,/emotivpro,TRUE
/products/flex-silicone-skirt-pack,https://shop.emotiv.com/flex-silicone-skirt-pack/,TRUE
/pages/compare-emotivpro-features,/emotivpro,TRUE
/products/standard-team-5-years,/emotivpro,TRUE
/blogs/careers/developer-evangelist,/blogs/careers,TRUE
/pages/christmas-2024,https://shop.emotiv.com/,TRUE
/products/standard-team-annual-prepaid,/emotivpro,TRUE
/products/xtrodes-montage-eeg,https://shop.emotiv.com/xtrodes-eeg%E2%82%81%E2%82%86-multi-electrode-patch/,TRUE
/products/standard-team-annual-paid-monthly,/emotivpro,TRUE
/products/mn8-sensor-pack,https://shop.emotiv.com/mn8-sensor-pack/,TRUE
/products/xtr-multi-electrode-patches-bundle-10x-eeg-10x-eeg-10x-exg-with-data-acquisition-unit,https://shop.emotiv.com/x-trodes-multi-electrode-patch-and-data-acquisition-unit/,TRUE
/products/xtr-exg-multi-electrode-patch-pack-of-30-with-data-acquisition-unit,https://shop.emotiv.com/x-trodes-multi-electrode-patch-and-data-acquisition-unit/,TRUE
/blogs/press/quality-assurance-tester-qa-hanoi-vietnam,/blogs/careers,TRUE
/blogs/press/emotivpro-subscription-plan-updates,/emotivpro,TRUE
/pages/tabbed-hardware-triggering,/pages/quick-start-guide-extender,TRUE
/pages/saline-only,/pages/quick-start-guide-flex,TRUE
/pages/emotivpro-annually,/emotivpro,TRUE
/pages/emotivpro-licensing-every-3-years,/emotivpro,TRUE
/products/xtrodes-montage-exg,https://shop.emotiv.com/xtrodes-exg%E2%82%82-multi-electrode-patch/,TRUE
/products/standard-5-years,/emotivpro,TRUE
/pages/black-friday-2024,https://shop.emotiv.com/,TRUE
/pages/comparison-prerequisites,/pages/comparison,TRUE
/blogs/careers/business-finance-analyst-financial-planning-analysis-fp-a,/blogs/careers,TRUE
/pages/cyber-monday-2024,https://shop.emotiv.com/,TRUE
/blogs/careers/react-developer-product-prototyping-hanoi,/blogs/careers,TRUE
/pages/emotiv-app-v1,/emotiv-app,TRUE
/pages/2024-black-friday-waitlist,https://shop.emotiv.com/,TRUE
/products/standard-team-3-year,/emotivpro,TRUE
/pages/tabbed-pass-through-mode,/pages/quick-start-guide-extender,TRUE
/blogs/independent-studies/engaging-the-brain,/blogs/independent-research/engaging-the-brain,TRUE
/products/test-subscription-contract,/emotivpro,TRUE
/pages/tabbed-sd-card-recording-mode,/pages/quick-start-guide-extender,TRUE
/blogs/press/davos-2020,/blogs/press,TRUE
/policies/shipping-policy,/pages/shipping,TRUE
/blogs/glos,/blogs/glossary,TRUE
/products/emotivpro-acquire,/emotivpro,TRUE
/products/standard-3-years,/emotivpro,TRUE
/blogs/press/introducing-the-new-emotiv-launcher-emotivpro-suite-3-0,/emotivpro,TRUE
/blogs/career,/blogs/careers,TRUE
/blogs/careers/qa-automation-lead-hanoi-vietnam,/blogs/careers,TRUE
/blogs/video/understanding-appreciation-music,/blogs/video,TRUE
/pages/emotiv-insight-leading-mind-control-bci-technology-v2,/pages/bci,TRUE
/blogs/news/how-handi-arcade-bci-game-controllers,/blogs/blog/handi-arcade-bci-game-controllers,TRUE
/independent-studies/automatic-detection-of-eeg-artefacts-arising-from-head-movements-using-eeg-and-gyroscope-signals/,/blogs/independent-research/automatic-detection-of-eeg-artefacts-arising-from-head-movements-using-eeg-and-gyroscope-signals,TRUE
/blogs/independent-studies/automatic-detection-of-eeg-artefacts-arising-from-head-movements-using-eeg-and-gyroscope-signals/,/blogs/independent-research/automatic-detection-of-eeg-artefacts-arising-from-head-movements-using-eeg-and-gyroscope-signals,TRUE
/developer,/pages/developer,TRUE
/glossary/data-privacy/,/blogs/glossary/data-privacy,TRUE
/contact-support/,/pages/contact,TRUE
/epoc/,/pages/quick-start-guide-epoc-plus,TRUE
/epoc-x/,/epoc-x,TRUE
/epoc-flex/,/products/flex-saline,TRUE
/product/emotiv-usb-receiver-universal-model/,https://shop.emotiv.com/usb-receiver-universal-model/,TRUE
/emotivpro/,/emotivpro,TRUE
/emotiv-labs/,https://labs.emotiv.com/,TRUE
/emotiv-bci/,/emotiv-bci,TRUE
/tools/knowledge-base/general-information/understanding-the-difference-between-emotivpro-and-the-cortex-sdk,/,TRUE
/products,https://shop.emotiv.com/,TRUE
/products/epoc-flex-gel-sensor-kit,https://shop.emotiv.com/,TRUE
/blogs/news/independent-research/tagged/category_blog,https://www.emotiv.com/blogs/news/tagged/category_blog,TRUE
/blogs/independent-research/tagged/category_blog,https://www.emotiv.com/blogs/independent-research,TRUE
/tools/knowledge-base/emotivpro-technical-information/can-i-analyze-eeg-with-matlab-or-eeglab,https://www.emotiv.com/tools/knowledge-base/technical-research-information,TRUE
/tools/knowledge-base/category/xtrodes-cleaning-and-servicing,https://www.emotiv.com/tools/knowledge-base,TRUE
/tools/knowledge-base/epoc-flex/advancing-high-density-eeg-research-with-flex,https://www.emotiv.com/tools/knowledge-base,TRUE
/emotivpro/acquire/,https://www.emotiv.com/products/emotivpro,TRUE
/products/epoc-flex-saline-sensor-kit,https://shop.emotiv.com/,TRUE
/tools/recurring/login/,https://account.emotiv.com/my-account/,TRUE
/account,https://account.emotiv.com/my-account/,TRUE
/setup,/pages/setup,TRUE
/services/login_with_shop/,/,TRUE
/services/login_with_shop/authorize,/,TRUE
/tools/knowledge-base/shipping-return,/knowledge-base/shipping-return,TRUE
/tools/knowledge-base/account-subscription,/knowledge-base/account-subscription,TRUE
/tools/knowledge-base/data-stream,/knowledge-base/data-stream,TRUE
/tools/knowledge-base/software-sdk,/knowledge-base/software-sdk,TRUE
/tools/knowledge-base/troubleshooting-cleaning,/knowledge-base/troubleshooting-cleaning,TRUE
/tools/knowledge-base/technical-research-information,/knowledge-base/technical-research-information,TRUE
/tools/knowledge-base/headsets,/knowledge-base/headsets,TRUE
/tools/knowledge-base/is-software-included-when-you-purchase-emotiv-eeg-headset,/knowledge-base/is-software-included-when-you-purchase-emotiv-eeg-headset,TRUE
/tools/knowledge-base/eeg-downsampling-2048-vs-256hz,/knowledge-base/eeg-downsampling-2048-vs-256hz,TRUE
/tools/knowledge-base/x-trodes-ee-10-20-system-correspondence,/knowledge-base/x-trodes-ee-10-20-system-correspondence,TRUE
/tools/knowledge-base/why-users-connect-emotiv-epoc-x-usb-receiver-bluetooth,/knowledge-base/why-do-users-connect-the-emotiv-epoc-x-via-the-usb-receiver-or-bluetooth,TRUE
/tools/knowledge-base/advancing-high-density-eeg-research,/knowledge-base/advancing-high-density-eeg-research,TRUE
/tools/knowledge-base/difference-between-flex-saline-sensors-and-flex-gel-sensors,/knowledge-base/difference-between-flex-saline-sensors-and-flex-gel-sensors,TRUE
/tools/knowledge-base/embed-ecg-eog-electrodes-systems-with-epoc-fle,/knowledge-base/embed-ecg-eog-electrodes-systems-with-epoc-fle,TRUE
/tools/knowledge-base/what-to-do-if-x-trodes-blinking-red-led,/knowledge-base/what-to-do-if-x-trodes-blinking-red-led,TRUE
/tools/knowledge-base/maximum-range-bluetooth-x-trodes,/knowledge-base/maximum-range-bluetooth-x-trodes,TRUE
/tools/knowledge-base/ensure-good-electrode-contact,/knowledge-base/ensure-good-electrode-contact,TRUE
/tools/knowledge-base/what-do-x-trodes-patches-provide,/knowledge-base/what-do-x-trodes-patches-provide,TRUE
/tools/knowledge-base/advantages-of-x-trodes-smart-skin,/knowledge-base/advantages-of-x-trodes-smart-skin,TRUE
/tools/knowledge-base/why-no-conductive-gel-required-x-trodes,/knowledge-base/why-no-conductive-gel-required-x-trodes,TRUE
/tools/knowledge-base/does-x-trodes-measure-brain-activity,/knowledge-base/does-x-trodes-measure-brain-activity,TRUE
/tools/knowledge-base/do-x-trodes-electrodes-come-in-different-sizes,/knowledge-base/do-x-trodes-electrodes-come-in-different-sizes,TRUE
/tools/knowledge-base/types-of-signals-measured-with-x-trodes,/knowledge-base/types-of-signals-measured-with-x-trodes,TRUE
/tools/knowledge-base/make-x-trodes-patch-more-flexible,/knowledge-base/make-x-trodes-patch-more-flexible,TRUE
/tools/knowledge-base/types-of-smart-skin-electrodes,/knowledge-base/types-of-smart-skin-electrodes,TRUE
/tools/knowledge-base/adjust-electrodes-to-different-body-areas,/knowledge-base/adjust-electrodes-to-different-body-areas,TRUE
/tools/knowledge-base/how-long-do-x-trodes-electrodes-last,/knowledge-base/how-long-do-x-trodes-electrodes-last,TRUE
/tools/knowledge-base/does-ground-location-matter-x-trodes,/knowledge-base/does-ground-location-matter-x-trodes,TRUE
/tools/knowledge-base/x-trodes-clinical-trials,/knowledge-base/x-trodes-clinical-trials,TRUE
/tools/knowledge-base/are-x-trodes-electrodes-suitable-for-all-skin-types,/knowledge-base/are-x-trodes-electrodes-suitable-for-all-skin-types,TRUE
/tools/knowledge-base/are-electrodes-suitable-for-children,/knowledge-base/are-electrodes-suitable-for-children,TRUE
/tools/knowledge-base/can-signals-be-obtained-from-different-body-weights,/knowledge-base/can-signals-be-obtained-from-different-body-weights,TRUE
/tools/knowledge-base/battery-type-used-in-x-trodes-recording-system,/knowledge-base/battery-type-used-in-x-trodes-recording-system,TRUE
/tools/knowledge-base/is-extracted-data-raw-or-filtered,/knowledge-base/is-extracted-data-raw-or-filtered,TRUE
/tools/knowledge-base/sample-rate-bluetooth-streamed-signals,/knowledge-base/sample-rate-bluetooth-streamed-signals,TRUE
/tools/knowledge-base/size-and-weight-of-x-trodes-equipment,/knowledge-base/size-and-weight-of-x-trodes-equipment,TRUE
/tools/knowledge-base/does-recording-system-come-in-additional-colors,/knowledge-base/does-recording-system-come-in-additional-colors,TRUE
/tools/knowledge-base/can-i-reuse-x-trodes-electrodes,/knowledge-base/can-i-reuse-x-trodes-electrodes,TRUE
/tools/knowledge-base/x-trodes-user-manual-tutorial-videos,/knowledge-base/x-trodes-user-manual-tutorial-videos,TRUE
/tools/knowledge-base/list-of-publications-x-trodes,/knowledge-base/list-of-publications-x-trodes,TRUE
/tools/knowledge-base/emotiv-data-streams,/knowledge-base/emotiv-data-streams,TRUE
/tools/knowledge-base/how-to-stream-eeg-data-from-emotiv-to-touchdesigner,/knowledge-base/how-to-stream-eeg-data-from-emotiv-to-touchdesigner,TRUE
/tools/knowledge-base/eeg-quality-over-time-maintenance,/knowledge-base/eeg-quality-over-time-maintenance,TRUE
/tools/knowledge-base/understanding-the-difference-between-emotivpro-and-the-cortex-sdk,/knowledge-base/understanding-the-difference-between-emotivpro-and-the-cortex-sdk,TRUE
/tools/knowledge-base/emotiv-disability-communication-tech,/knowledge-base/emotiv-disability-communication-tech,TRUE
/tools/knowledge-base/emotivpro-low-vs-high-beta-waves,/knowledge-base/emotivpro-low-vs-high-beta-waves,TRUE
/tools/knowledge-base/can-i-analyze-eeg-with-matlab-or-eeglab,/knowledge-base/can-i-analyze-eeg-with-matlab-or-eeglab,TRUE
/tools/knowledge-base/emotivbci-signal-processing-machine-learning,/knowledge-base/understanding-the-signal-processing-and-machine-learning-capabilities-of-the-emotivbci-platform,TRUE
/tools/knowledge-base/how-to-import-edf-files-from-emotivpro-into-eeglab,/knowledge-base/how-to-import-edf-files-from-emotivpro-into-eeglab,TRUE
/tools/knowledge-base/do-emotiv-headsets-measure-brain-signals,/knowledge-base/do-emotiv-headsets-measure-brain-signals,TRUE
/tools/knowledge-base/emotiv-detections-and-algorithms,/knowledge-base/emotiv-detections-and-algorithms,TRUE
/tools/knowledge-base/sensor-values-exported-csv,/knowledge-base/understanding-sensor-values-in-exported-csv-data,TRUE
/tools/knowledge-base/epoc-vs-clinical-eeg,/knowledge-base/how-does-epoc-compare-to-other-clinical-eeg-systems,TRUE
/tools/knowledge-base/event-related-potentials-support,/knowledge-base/event-related-potentials-support,TRUE
/tools/knowledge-base/drowsiness-alertness-metrics,/knowledge-base/do-we-have-some-value-to-depict-the-level-of-drowsiness-or-alertness,TRUE
/tools/knowledge-base/export-muscle-artifacts-emotivpro,/knowledge-base/is-there-a-way-to-export-muscle-artifacts-to-csv-or-edf-file-from-emotivpro,TRUE
/tools/knowledge-base/reference-sensors-emotiv-hardware,/knowledge-base/everything-you-need-to-know-about-reference-sensors-of-emotiv-hardware,TRUE
/tools/knowledge-base/mental-command-algorithm-speed,/knowledge-base/how-fast-are-your-learning-algorithms-to-detect-mental-commands,TRUE
/tools/knowledge-base/connect-multiple-headsets-one-computer,/knowledge-base/can-i-connect-multiple-headsets-to-a-single-computer-to-collect-data-concurrently,TRUE
/tools/knowledge-base/measure-delta-waves-emotiv,/knowledge-base/measure-delta-waves-emotiv,TRUE
/tools/knowledge-base/neurofeedback-with-emotiv,/knowledge-base/does-emotiv-offer-a-neurofeedback-application,TRUE
/tools/knowledge-base/emotiv-data-for-qeeg,/knowledge-base/emotiv-data-for-qeeg-interpretation,TRUE
/tools/knowledge-base/emotiv-for-epilepsy-tracking,/knowledge-base/can-emotiv-products-be-used-to-track-epilepsy,TRUE
/tools/knowledge-base/emotiv-compatible-with-vr-ar,/knowledge-base/can-emotiv-products-be-worn-with-vr-ar,TRUE
/tools/knowledge-base/data-storage-and-privacy,/knowledge-base/data-storage-and-privacy,TRUE
/tools/knowledge-base/measure-erp-components-p300,/knowledge-base/can-i-measure-event-related-potential-(erp)-components-such-as-p300-with-emotiv-headsets,TRUE
/tools/knowledge-base/stream-eeg-with-matlab-eeglab,/knowledge-base/stream-eeg-with-matlab-eeglab,TRUE
/tools/knowledge-base/artifact-removal-in-emotivpro,/knowledge-base/does-emotivpro-automatically-remove-artifacts-from-the-eeg-data-collected,TRUE
/tools/knowledge-base/emotiv-data-stream-latency,/knowledge-base/emotiv-data-stream-latency,TRUE
/tools/knowledge-base/signal-quality-thick-hair-epocx-flex,/knowledge-base/signal-quality-thick-hair-epocx-flex,TRUE
/tools/knowledge-base/clean-flex-sensors-caps,/knowledge-base/clean-flex-sensors-caps,TRUE
/tools/knowledge-base/modify-insight-headband,/knowledge-base/modify-insight-headband,TRUE
/tools/knowledge-base/clean-insight-headset-sensors,/knowledge-base/clean-insight-headset-sensors,TRUE
/tools/knowledge-base/make-insight-primer-saline,/knowledge-base/make-insight-primer-saline,TRUE
/tools/knowledge-base/why-cant-charge-headset-in-use,/knowledge-base/why-cant-charge-headset-in-use,TRUE
/tools/knowledge-base/how-to-register-your-app-id-with-cortex-sdk-for-development,/knowledge-base/how-to-register-your-app-id-with-cortex-sdk-for-development,TRUE
/tools/knowledge-base/getting-started-with-the-emotiv-developer-program,/knowledge-base/getting-started-with-the-emotiv-developer-program,TRUE
/tools/knowledge-base/how-to-download-emotiv-sdk,/knowledge-base/how-to-download-emotiv-sdk,TRUE
/tools/knowledge-base/do-i-need-a-ced-channel-location-file-to-import-emotiv-epoc-x-data-into-eeglab,/knowledge-base/do-i-need-a-ced-channel-location-file-to-import-emotiv-epoc-x-data-into-eeglab,TRUE
/tools/knowledge-base/emotivpro-with-eprime,/knowledge-base/emotivpro-with-eprime,TRUE
/tools/knowledge-base/pro-lite-capabilities,/knowledge-base/pro-lite-capabilities,TRUE
/tools/knowledge-base/submit-feedback-emotivpro,/knowledge-base/submit-feedback-emotivpro,TRUE
/tools/knowledge-base/after-pro-license-expires,/knowledge-base/after-pro-license-expires,TRUE
/tools/knowledge-base/use-emotivpro-without-internet,/knowledge-base/use-emotivpro-without-internet,TRUE
/tools/knowledge-base/why-is-my-eeg-quality-flickering-in-emotivpro,/knowledge-base/why-is-my-eeg-quality-flickering-in-emotivpro,TRUE
/tools/knowledge-base/add-event-markers-emotivpro,/knowledge-base/add-event-markers-emotivpro,TRUE
/tools/knowledge-base/register-cortex-app-id-sdk,/knowledge-base/register-cortex-app-id-sdk,TRUE
/tools/knowledge-base/performance-metrics,/knowledge-base/performance-metrics,TRUE
/tools/knowledge-base/mental-commands,/knowledge-base/mental-commands,TRUE
/tools/knowledge-base/facial-expressions,/knowledge-base/facial-expressions,TRUE
/tools/knowledge-base/why-is-my-emotivpro-still-showing-as-pro-lite-after-purchase,/knowledge-base/why-is-my-emotivpro-still-showing-as-pro-lite-after-purchase,TRUE
/tools/knowledge-base/cancel-emotiv-subscription,/knowledge-base/cancel-emotiv-subscription,TRUE
/tools/knowledge-base/upgrade-downgrade-emotiv-subscription,/knowledge-base/upgrade-downgrade-emotiv-subscription,TRUE
/tools/knowledge-base/activate-emotiv-license,/knowledge-base/activate-emotiv-license,TRUE
/tools/knowledge-base/understanding-tax-exemption-for-emotiv-orders,/knowledge-base/understanding-tax-exemption-for-emotiv-orders,TRUE
/tools/knowledge-base/can-i-return-a-product-for-a-refund,/knowledge-base/can-i-return-a-product-for-a-refund,TRUE
/tools/knowledge-base/damaged-or-wrong-product,/knowledge-base/damaged-or-wrong-product,TRUE
/tools/knowledge-base/package-not-received-but-delivered,/knowledge-base/package-not-received-but-delivered,TRUE
/tools/knowledge-base/tracking-number-not-updating,/knowledge-base/tracking-number-not-updating,TRUE
/tools/knowledge-base/order-delayed-or-lost,/knowledge-base/order-delayed-or-lost,TRUE
/tools/knowledge-base/change-shipping-address,/knowledge-base/change-shipping-address,TRUE
/tools/knowledge-base/track-my-order,/knowledge-base/track-my-order,TRUE
/tools/knowledge-base/shipping-costs,/knowledge-base/shipping-costs,TRUE
/tools/knowledge-base/emotiv-shipping-locations,/knowledge-base/emotiv-shipping-locations,TRUE
/tools/knowledge-base/import-taxes-customs-fees,/knowledge-base/import-taxes-customs-fees,TRUE
"/.""",/collections/mobile-eeg-headsets,TRUE
/…/EmotivEPOCSpecifications2014.pdf,/epoc-x,TRUE
/1_0/1_3.htm,/,TRUE
/10-20-eeg,/blogs/how-to/understanding-the-10-20-system-of-eeg-electrode-placement,TRUE
/14-channel-wireless-eeg-headset-epoc-x/,/epoc-x,TRUE
/3_0/pr/pr022607a.htm,/,TRUE
/3_0/pr/pr022607b.htm,/,TRUE
/5_0/5_2.htm,/,TRUE
/5-channel-wireless-eeg-headset-insight/,/insight,TRUE
/account/logout,/,TRUE
/api/unstable/graphql.json,/,TRUE
/apps/,/collections/mobile-eeg-headsets,TRUE
/apps/epoc/,/epoc-x,TRUE
/apps/epoc/299,/epoc-x,TRUE
/apps/epoc/299/5,/epoc-x,TRUE
/bci-api-application-form/,/pages/bci,TRUE
/bci-gaming/,/pages/bci,TRUE
/bci-guide,/blogs/glossary/brain-computer-interface-guide,TRUE
/bci-guide/,/blogs/glossary/brain-computer-interface-guide,TRUE
/biometrics-diagram/,/blogs/glossary/biometrics,TRUE
/blog/,/collections/mobile-eeg-headsets,TRUE
/blog/achieve-optimal-performance-using-eeg-tech/,/blogs/news/achieve-optimal-performance-using-eeg-tech,TRUE
/blog/ai-models-in-eeg-research/,/blogs/news/ai-models-in-eeg-research,TRUE
/blog/better-functioning-tech-makes-for-less-stress-at-work/,/blogs/news/better-functioning-tech-makes-for-less-stress-at-work,TRUE
/blog/developer-project-eeg-controlled-rover-a-brain-computer-interface/,/blogs/news/developer-project-eeg-controlled-rover-a-brain-computer-interface,TRUE
/blog/eeg-technology-for-employee-wellness/,/blogs/news/eeg-technology-for-employee-wellness,TRUE
/blog/emotivpipeline-omni-alpha/,/pages/our-technology,TRUE
/blog/female-role-model-project-new-york/,/blogs/news/female-role-model-project-new-york,TRUE
/blog/how-emotiv-found-its-way-to-the-off-broadway-stage-an-interview-with-tjasa-ferme-of-the-female-role-model-project/,/blogs/news/how-emotiv-found-its-way-to-the-off-broadway-stage-an-interview-with-tjasa-ferme-of-the-female-role-model-project,TRUE
/blog/huffington-post-an-entrepreneur-makes-speech-a-reality-for-all/,/blogs/news/huffington-post-an-entrepreneur-makes-speech-a-reality-for-all,TRUE
/blog/integrating-eeg-system-into-vehicles/,/blogs/news/integrating-eeg-system-into-vehicles,TRUE
/blog/neuromarketing-in-market-research/,/blogs/news/neuromarketing-in-market-research,TRUE
/blog/neuroscience-can-help-explain-football-fans-behaviour,/blogs/news/neuroscience-can-help-explain-football-fans-behaviour,TRUE
/blog/noor-brain-opera-ellen-pearlman/,/blogs/news/noor-brain-opera-ellen-pearlman,TRUE
/blog/olfactory-detection-system,/blogs/news/:PUp1bDXI6,TRUE
/blog/the-future-of-work-is-here-now,/blogs/news/the-future-of-work-is-here-now,TRUE
/blog/the-future-of-work-is-here-now/,/blogs/news/the-future-of-work-is-here-now,TRUE
/blog/the-real-future-of-work/,/blogs/news/the-real-future-of-work,TRUE
/blog/why-is-it-important-to-know-your-brain/,/blogs/news/why-is-it-important-to-know-your-brain,TRUE
/blog/workplace-wellness-and-roi/,/blogs/news/workplace-wellness-and-roi,TRUE
/blog/world-first-brain-drone-race/,/pages/our-technology,TRUE
/blogs/career/senior-devops-engineer-emotiv-hanoi-office,/blogs/careers,TRUE
/blogs/career/tagged/category_careers,/blogs/careers,TRUE
/blogs/careers/css-cum-internal-sales-lead-hanoi-vietnam,/blogs/careers,TRUE
/blogs/careers/graphic-designer-hanoi-vietnam,/blogs/careers,TRUE
/blogs/careers/product-associate-hanoi-vietnam,/blogs/careers,TRUE
/blogs/ebook.atom,/pages/our-technology,TRUE
/blogs/how-to/tagged/bci.atom,/collections/mobile-eeg-headsets,TRUE
/blogs/how-to/tagged/epoc-series-eeg.atom,/collections/mobile-eeg-headsets,TRUE
/blogs/independent-research/tagged/epoc-series-eeg,/collections/mobile-eeg-headsets,TRUE
/blogs/independent-studies,/blogs/independent-research,TRUE
/blogs/independent-studies-2,/blogs/independent-research,TRUE
/blogs/independent-studies/a-fractal-based-algorithm-of-emotion-recognition-from-eeg-using-arousal-valence-model,/blogs/independent-research/a-fractal-based-algorithm-of-emotion-recognition-from-eeg-using-arousal-valence-model,TRUE
/blogs/independent-studies/a-smartphone-interface-for-a-wireless-eeg-headset-with-real-time-3d-reconstruction,/blogs/independent-research/a-smartphone-interface-for-a-wireless-eeg-headset-with-real-time-3d-reconstruction,TRUE
/blogs/independent-studies/a-user-study-of-visualization-effectiveness-using-eeg-and-cognitive-load,/blogs/independent-research/a-user-study-of-visualization-effectiveness-using-eeg-and-cognitive-load,TRUE
/blogs/independent-studies/achieving-remote-presence-using-a-humanoid-robot-controlled-by-a-noninvasive-bci-device,/blogs/independent-research/achieving-remote-presence-using-a-humanoid-robot-controlled-by-a-noninvasive-bci-device,TRUE
/blogs/independent-studies/brainwave-measurements-an-early-indicator-of-autism,/blogs/independent-research/brainwave-measurements-an-early-indicator-of-autism,TRUE
/blogs/independent-studies/deep-learning-based-electroencephalography-analysis,/blogs/independent-research/deep-learning-based-electroencephalography-analysis,TRUE
/blogs/independent-studies/emotiv-flex-validated-erp-research,/blogs/independent-research/emotiv-flex-validated-erp-research,TRUE
/blogs/independent-studies/experimental-art-with-brain-controlled-interface,/blogs/independent-research/experimental-art-with-brain-controlled-interface,TRUE
/blogs/independent-studies/mobile-eeg-distracted-driving,/blogs/independent-research/mobile-eeg-distracted-driving,TRUE
/blogs/independent-studies/music-emotion-capture-sonifying-emotions-in-eeg-data,/blogs/independent-research/music-emotion-capture-sonifying-emotions-in-eeg-data,TRUE
/blogs/independent-studies/musical-neurofeedback-for-treating-depression-in-elderly-people,/blogs/independent-research/musical-neurofeedback-for-treating-depression-in-elderly-people,TRUE
/blogs/independent-studies/neurophone-brain-mobile-phone-interface-using-a-wireless-eeg-headset,/blogs/independent-research/neurophone-brain-mobile-phone-interface-using-a-wireless-eeg-headset,TRUE
/blogs/independent-studies/p300-and-emotiv-epoc,/blogs/independent-research/p300-and-emotiv-epoc,TRUE
/blogs/independent-studies/single-trial-cognitive-stress-classification-using-portable-wireless-electroencephalography,/blogs/independent-research/single-trial-cognitive-stress-classification-using-portable-wireless-electroencephalography,TRUE
/blogs/independent-studies/student-learning-virtual-reality-conditions,/blogs/independent-research/student-learning-virtual-reality-conditions,TRUE
/blogs/independent-studies/tracking-of-mental-workload-with-a-mobile-eeg-sensor,/blogs/independent-research/tracking-of-mental-workload-with-a-mobile-eeg-sensor,TRUE
/blogs/independent-studies/using-brain-computer-interfaces-to-detect-human-satisfaction-in-human-robot-interaction,/blogs/independent-research/using-brain-computer-interfaces-to-detect-human-satisfaction-in-human-robot-interaction,TRUE
/blogs/news/tagged/category_news.atom,/collections/mobile-eeg-headsets,TRUE
/blogs/webinar/tagged/category_webinars,/collections/mobile-eeg-headsets,TRUE
/blogs/whitepaper/tagged/eeg,/blogs/glossary/electroencephalogram,TRUE
/brain-controlled-technology,/pages/bci,TRUE
/brain-controlled-technology/,/pages/bci,TRUE
/careers/qa-,/blogs/careers,TRUE
/careers/senior-cloud-software-engineer-hanoi-vietnam/,/blogs/careers,TRUE
/careers/senior-devops-engineer-emotiv-hanoi-office/,/blogs/careers,TRUE
/category/case-studies/,/blogs/case-studies/tagged/category_case-studies,TRUE
/category/independent-studies,/blogs/independent-research,TRUE
/category/independent-studies/,/blogs/independent-studies/,TRUE
/category/webinars/,/collections/mobile-eeg-headsets,TRUE
/checkout/,/,TRUE
/collections/all/products/bci-osc,/products/bci-osc,TRUE
/collections/all/products/emotiv-brainviz,/emotiv-brainviz,TRUE
/collections/applications/products/bci-osc,/products/bci-osc,TRUE
/collections/applications/products/flex-gel,/products/flex-gel,TRUE
/collections/applications/products/insight,/collections/mobile-eeg-headsets,TRUE
/collections/emotivpro-3-0/products/bci-osc,/products/bci-osc,TRUE
/collections/emotivpro-3-0/products/flex-gel,/emotivpro,TRUE
/collections/epoc-accessories/products/insight,/insight,TRUE
/collections/insight-accessories/products/bci-osc,/products/bci-osc,TRUE
/collections/insight-accessories/products/flex-gel,/products/flex-gel,TRUE
/collections/mobile-eeg-headsets/products/emotiv-bci,/collections/mobile-eeg-headsets,TRUE
/collections/mobile-eeg-headsets/products/flex-gel,/products/flex-gel,TRUE
/collections/mobile-eeg-headsets/products/insight,/collections/mobile-eeg-headsets,TRUE
/collections/software/products/emotiv-launcher,/emotiv-launcher,TRUE
/collections/x-trodes/products/emotiv-brainviz,/emotiv-brainviz,TRUE
/comparison/,/pages/comparison,TRUE
/consumer-insights-solutions,/pages/neuromarketing,TRUE
/consumer-insights-solutions/,/pages/neuromarketing,TRUE
/contact,/pages/contact,TRUE
/contact-commercial-application,/pages/contact,TRUE
/contact-support,/pages/contact,TRUE
/contact/,/pages/contact,TRUE
/corporate/2_0/2_2.htm,/,TRUE
/corporate/2_0/2_3.htm,/,TRUE
/corporate/5_0/5_2.htm,/collections/mobile-eeg-headsets,TRUE
/corporate/media.php,/,TRUE
/corporate/refund.php,/pages/refund-policy,TRUE
/corporate/team.php,/collections/mobile-eeg-headsets,TRUE
/default.htm,/,TRUE
/download,/emotiv-launcher,TRUE
/download_emotiv_launcher_mac.php,/emotiv-launcher,TRUE
/downloads/,/emotiv-launcher,TRUE
/eeg-guide/,/blogs/glossary/eeg-guide,TRUE
/eeg-headsets-for-education/,https://get.emotiv.com/academic-research-and-education,TRUE
/eeg-headsets-for-scientific-research/,https://get.emotiv.com/academic-research-and-education,TRUE
/eeg/download,/emotiv-launcher,TRUE
/eeg/features.php,/collections/mobile-eeg-headsets,TRUE
/eeg/test_bench.php,/emotivpro,TRUE
/emotiv-bci,/emotiv-bci,TRUE
/emotiv-bci//1000,/pages/bci,TRUE
/emotiv-bci/osc/,/products/bci-osc,TRUE
/emotiv-brainviz/,/emotiv-brainviz,TRUE
/emotiv-eeg-cloud,/pages/emotiv-eeg-cloud,TRUE
/emotiv-eeg-cloud/,/pages/emotiv-eeg-cloud,TRUE
/emotiv-labs,https://labs.emotiv.com/,TRUE
/emotiv-xtrodes-eeg-solution/,https://shop.emotiv.com/x-trodes-multi-electrode-patch-and-data-acquisition-unit/,TRUE
/emotivpro/analyze/,/emotivpro,TRUE
/emotivpro/build,/emotivpro,TRUE
/emotivpro/build/,/emotivpro,TRUE
/emotivpro/Emotiv,/emotivpro,TRUE
/epoc.php,/epoc-x,TRUE
/epoc/develop.php,/epoc-x,TRUE
/epoc1.html,/epoc-x,TRUE
/extender/,/pages/quick-start-guide-extender,TRUE
/files/Emotiv-EPOC,/epoc-x,TRUE
/files/emotiv-epoc-,/pages/quick-start-guide-epoc-x,TRUE
/files/Emotiv-EPOC-,/epoc-x,TRUE
/files/Emotiv-EPOCProduct-Sheet-2014.pdfCh,/,TRUE
/flex-,/products/flex-saline,TRUE
/flex-saline,/products/flex-saline,TRUE
/forum/forum10/topic697,/,TRUE
/forum/forum14/topic1364/,/,TRUE
/forum/forum15/topic1371/messages/,/,TRUE
/forum/group9/,/collections/mobile-eeg-headsets,TRUE
/forum/messages/forum12/topic527/message2946/,/,TRUE
/forum/messages/forum15/topic18358/message35411/,/collections/mobile-eeg-headsets,TRUE
/forums/topic/buy-aceon-no-prescription-needed-buy-aceon-no-rx]Buy,/,TRUE
/forums/topic/buy-cheap-metrogyl-dg-no-prescription-pharmacy-metrogyl-dg-buy-metrogyl-dg-online-all-credit-cards-accepted]BUY,/blogs/glossary/eeg-headset,TRUE
/forums/topic/buy-cheap-purinethol-online-pharmacy-canada-purinethol-purinethol-all-creditcard-accepted/,/,TRUE
/forums/topic/buy-cheap-trileptal-no-rx-no-prescription-trileptal/,/,TRUE
/forums/topic/buy-generic-ibuprofen-fedex-no-prescription-over-night-generic-ibuprofen,/,TRUE
/forums/topic/buy-geodon-free-doctor-consult-geodon-buying-geodon-fast-deliery,/blogs/glossary/eeg-headset,TRUE
/forums/topic/buy-nuzide-online-no-prescription-canada-nuzide-generic-form-of-nuzide,/,TRUE
/forums/topic/Emotiv_EPOC_Brain_Activity_Map/,/collections/mobile-eeg-headsets,TRUE
/forums/topic/Insight_Sample_EEG_data/,/,TRUE
/forums/topic/purchase-apcalis-sx-oral-jelly-no-script-apcalis-sx-oral-jelly-buy-apcalis-sx-oral-jelly-indianapolis]Buy,/,TRUE
/get-started-professional/,/get-started/,TRUE
/glossary,/blogs/glossary,TRUE
/glossary/,/blogs/glossary,TRUE
/glossary/behavioral-neuroscience,/blogs/glossary/behavioral-neuroscience,TRUE
/glossary/behavioral-neuroscience/,/blogs/glossary/behavioral-neuroscience,TRUE
/glossary/biometrics/,/blogs/glossary/biometrics,TRUE
/glossary/brain-scan/,/blogs/glossary/brain-scan,TRUE
/glossary/electroencephalogram,/blogs/glossary/electroencephalogram,TRUE
/glossary/electroencephalogram/,/blogs/glossary/electroencephalogram,TRUE
/glossary/neuroethics,/blogs/glossary/neuroethics,TRUE
/glossary/neuroethics/,/blogs/glossary/neuroethics,TRUE
/glossary/neuroinformatics,/blogs/glossary/neuroinformatics,TRUE
/glossary/neuromarketing,/blogs/glossary/neuromarketing,TRUE
/glossary/neuromarketing/,/blogs/glossary/neuromarketing,TRUE
/glossary/neuroplasticity,/blogs/glossary/neuroplasticity,TRUE
/glossary/neuroplasticity/,/blogs/glossary/neuroplasticity,TRUE
/glossary/neuroplastizit,/,TRUE
/glossary/workplace-,/blogs/glossary/workplace-psychology-definition,TRUE
/glossary/workplace-psychology/,/blogs/glossary/workplace-psychology-definition,TRUE
/hardware/,/collections/mobile-eeg-headsets,TRUE
/how-to/,/blogs/how-to,TRUE
/ideas/,/,TRUE
/ideas/brain-controlled-wheelchair-6.html,/,TRUE
/independent-studies/a-fractal-based-algorithm-of-emotion-recognition-from-eeg-using-arousal-valence-model/,/blogs/independent-research/a-fractal-based-algorithm-of-emotion-recognition-from-eeg-using-arousal-valence-model,TRUE
/independent-studies/a-smartphone-interface-for-a-wireless-eeg-headset-with-real-time-3d-reconstruction/,/blogs/independent-research/a-smartphone-interface-for-a-wireless-eeg-headset-with-real-time-3d-reconstruction,TRUE
/independent-studies/a-user-study-of-visualization-effectiveness-using-eeg-and-cognitive-load,/blogs/independent-research/a-user-study-of-visualization-effectiveness-using-eeg-and-cognitive-load,TRUE
/independent-studies/a-user-study-of-visualization-effectiveness-using-eeg-and-cognitive-load/,/blogs/independent-research/a-user-study-of-visualization-effectiveness-using-eeg-and-cognitive-load,TRUE
/independent-studies/achieving-remote-presence-using-a-humanoid-robot-controlled-by-a-noninvasive-bci-device/,/blogs/independent-research/achieving-remote-presence-using-a-humanoid-robot-controlled-by-a-noninvasive-bci-device,TRUE
/independent-studies/brainwave-measurements-an-early-indicator-of-autism/,/blogs/independent-research/brainwave-measurements-an-early-indicator-of-autism,TRUE
/independent-studies/deep-learning-based-electroencephalography-analysis/,/blogs/independent-research/deep-learning-based-electroencephalography-analysis,TRUE
/independent-studies/designing-a-brain-computer-interface-using-emotiv-headset-and-programming-languages/,/blogs/independent-research/designing-a-brain-computer-interface-using-emotiv-headset-and-programming-languages,TRUE
/independent-studies/emotiv-flex-validated-erp-research/,/blogs/independent-research/emotiv-flex-validated-erp-research,TRUE
/independent-studies/experimental-art-with-brain-controlled-interface/,/blogs/independent-research/experimental-art-with-brain-controlled-interface,TRUE
/independent-studies/functional-state-assessment-of-an-athlete-by-means-of-the-brain-computer-interface-multimodal-metrics/,/blogs/independent-research/functional-state-assessment-of-an-athlete-by-means-of-the-brain-computer-interface-multimodal-metrics,TRUE
/independent-studies/music-emotion-capture-sonifying-emotions-in-eeg-data,/blogs/independent-research/music-emotion-capture-sonifying-emotions-in-eeg-data,TRUE
/independent-studies/music-emotion-capture-sonifying-emotions-in-eeg-data/,/blogs/independent-research/music-emotion-capture-sonifying-emotions-in-eeg-data,TRUE
/independent-studies/musical-neurofeedback-for-treating-depression-in-elderly-people,/blogs/independent-research/musical-neurofeedback-for-treating-depression-in-elderly-people,TRUE
/independent-studies/musical-neurofeedback-for-treating-depression-in-elderly-people/,/blogs/independent-research/musical-neurofeedback-for-treating-depression-in-elderly-people,TRUE
/independent-studies/neurophone-brain-mobile-phone-interface-using-a-wireless-eeg-headset,/blogs/independent-research/neurophone-brain-mobile-phone-interface-using-a-wireless-eeg-headset,TRUE
/independent-studies/neurophone-brain-mobile-phone-interface-using-a-wireless-eeg-headset/,/blogs/independent-research/neurophone-brain-mobile-phone-interface-using-a-wireless-eeg-headset,TRUE
/independent-studies/p300-and-emotiv-epoc/,/blogs/independent-research/p300-and-emotiv-epoc,TRUE
/independent-studies/reduce-workplace-stress-with-flowers/,/blogs/news/reduce-workplace-stress-with-flowers,TRUE
/independent-studies/single-trial-cognitive-stress-classification-using-portable-wireless-electroencephalography,/blogs/independent-research/single-trial-cognitive-stress-classification-using-portable-wireless-electroencephalography,TRUE
/independent-studies/single-trial-cognitive-stress-classification-using-portable-wireless-electroencephalography/,/blogs/independent-research/single-trial-cognitive-stress-classification-using-portable-wireless-electroencephalography,TRUE
/independent-studies/student-learning-virtual-reality-conditions/,/blogs/independent-research/student-learning-virtual-reality-conditions,TRUE
/independent-studies/tracking-of-mental-workload-with-a-mobile-eeg-sensor/,/blogs/independent-research/tracking-of-mental-workload-with-a-mobile-eeg-sensor,TRUE
/independent-studies/using-brain-computer-interfaces-to-detect-human-satisfaction-in-human-robot-interaction/,/blogs/independent-research/using-brain-computer-interfaces-to-detect-human-satisfaction-in-human-robot-interaction,TRUE
/independent-studies/validation-of-emotiv-epoc-for-,/blogs/independent-research/validation-of-emotiv-epoc-for-extracting-erp-correlates-of-emotional-face-processing,TRUE
/independent-studies/validation-of-emotiv-epoc-for-extracting-erp-correlates-of-emotional-face-processing/,/blogs/independent-research/validation-of-emotiv-epoc-for-extracting-erp-correlates-of-emotional-face-processing,TRUE
/independentstudies/validation-of-emotiv-epoc-for-extracting-erp-correlates-ofemotional-face-processing/,/blogs/independent-research/validation-of-emotiv-epoc-for-extracting-erp-correlates-of-emotional-face-processing,TRUE
/index.asp,/,TRUE
/index.html,/,TRUE
/index.php,/,TRUE
/insight.php,/insight,TRUE
/knowl-,/tools/knowledge-base,TRUE
/knowled-,/tools/knowledge-base,TRUE
/knowledge-base/the-,/tools/knowledge-base,TRUE
/knowledge-base/what-are-the-,/tools/knowledge-base,TRUE
/knowledge-base/what-is-emotiv-insight/,/insight,TRUE
/library,/pages/library,TRUE
/mn8-eeg-headset-with-contour-app,/mn8,TRUE
/my-account/edit-account/,https://account.emotiv.com/my-account/,TRUE
/naees/nerformance,/,TRUE
/neurosci-,/blogs/glossary/eeg-headset,TRUE
/neuroscience-based-product-innovation/,/blogs/glossary/eeg-headset,TRUE
/neuroscience-research-education-solutions,https://get.emotiv.com/academic-research-and-education,TRUE
/neuroscience-research-education-solutions/,https://get.emotiv.com/academic-research-and-education,TRUE
/news/cortex-version-2-6-1-is-now-released-with-bci-osc/,/products/bci-osc,TRUE
/news/eol-support-update/,/collections/mobile-eeg-headsets,TRUE
/news/headset-allows-you-to-control-lights-with-your-brain/,/blogs/press/headset-allows-you-to-control-lights-with-your-brain,TRUE
/news/introducing-brainwear-register-for-early-access/,/blogs/press/introducing-brainwear-register-for-early-access,TRUE
/news/nica-partners-with-emotiv-to-leverage-human-emotion-in-the-design-of-cities-of-longevity/,/blogs/press/nica-partners-with-emotiv-to-leverage-human-emotion-in-the-design-of-cities-of-longevity,TRUE
/news/rac-mind-over-motor/,/blogs/press/rac-mind-over-motor,TRUE
/news/tedtalks-tan-le-a-headset-that-reads-your-brainwaves/,/blogs/press/tedtalks-tan-le-a-headset-that-reads-your-brainwaves,TRUE
/oauth.php,/,TRUE
/our-technology,/pages/our-technology,TRUE
/our-technology/,/pages/our-technology,TRUE
/pages/,/,TRUE
/pages/emotiv-app-backup,/emotiv-app,TRUE
/patents/,/pages/patents,TRUE
/press/2021-emotiv-innovation-alley-city-of-ryde-v1/,/,TRUE
/press/fast-company-tan-le/,/blogs/press/fast-company-this-life-changing-philips-hue-hack-makes-the-internet-of-everything-mean-something,TRUE
/privacy/,/blogs/glossary/data-privacy,TRUE
/product-category/accessories/epoc-accessories/,/collections/mobile-eeg-headsets,TRUE
/product-category/accessories/insight-accessories/,/collections/mobile-eeg-headsets,TRUE
/product-category/applications/,/emotivpro,TRUE
/product-category/mobile-eeg,/collections/mobile-eeg-headsets,TRUE
/product-specs/Emotiv,/epoc-x,TRUE
/product-specs/emotiv_privacy_policy_draft.pdf,/blogs/glossary/data-privacy,TRUE
/product-updates/new-games-emotiv-labs/,/blogs/news/eeg-white-paper-mentimeter,TRUE
/product/emotiv-epoc-14-channel-mo-bile-eeg/,/epoc-x,TRUE
/product/emotiv-epoc-14-channel-mobile,/epoc-x,TRUE
/product/emotiv-epoc-14-channel-mobile-,/epoc-x,TRUE
/product/emotiv-epoc-14-channel-mobile-eeg,/epoc-x,TRUE
/product/emotiv-epoc-14-channel-mobile-eeg/,/epoc-x,TRUE
/product/emotiv-epoc-14-channel-mobileeeg/,/epoc-x,TRUE
/product/emotiv-epoc-x-,/epoc-x,TRUE
/product/emotiv-epoc-x-14-channel-mobile-brainwear,/epoc-x,TRUE
/product/emotiv-epoc-x-14-channel-mobile-brainwear/,/epoc-x,TRUE
/product/emotiv-epoc-x-14-channel-mobile-brainwear/tab-description,/epoc-x,TRUE
/product/emotiv-insight-5-channel-mobile-brainwear/.S,/insight,TRUE
/product/emotivepoc-14-channel-mobile-eeg/,/epoc-x,TRUE
/product/emotivpro,/emotivpro,TRUE
/product/epoc-flex-gel-sensor-kit-54cm-with-3-year-pro-standard-license/,/products/flex-gel,TRUE
/product/epoc-flex-gel-sensor-kit-54cm-with-pro-standard-license/,/products/flex-gel,TRUE
/product/epoc-flex-gel-sensor-kit-56cm-with-pro-standard-license/,/products/flex-gel,TRUE
/product/epoc-flex-gel-sensor-kit-58cm-with-pro-standard-license/,/products/flex-gel,TRUE
/product/epoc-flex-gel-sensors/,https://shop.emotiv.com/emotiv-flex-sensors/,TRUE
/product/epoc-flex-saline-non-configured-cap-54-cm-with-3-year-pro-standard-license/,/products/flex-saline,TRUE
/product/epoc-flex-saline-non-configured-cap-56-cm-with-3-year-pro-standard-license/,/products/flex-saline,TRUE
/product/epoc-flex-saline-pre-configured-cap-56-cm-with-pro-standard-license/,/products/flex-saline,TRUE
/product/epoc-flex-saline-sensor-kit/,/products/flex-saline,TRUE
/product/epoc-flex-saline-sensors/,/products/flex-saline,TRUE
/product/extended-warranty-36-months-for-insight/,/collections/mobile-eeg-headsets,TRUE
/product/extender/,/pages/quick-start-guide-extender,TRUE
/product/mn8-2-channel-eeg-earbuds,/mn8,TRUE
/product/mn8-2-channel-eeg-earbuds/,/mn8,TRUE
/product/stonehenge/,/collections/mobile-eeg-headsets,TRUE
/product/the-neurogeneration-by-tan-le/,/,TRUE
/product/unity3d-,https://shop.emotiv.com/,TRUE
/product/xtr-exg2-multi-electrode-patch-pack-of-30-with-data-acquisition-unit/,https://shop.emotiv.com/x-trodes-multi-electrode-patch-and-data-acquisition-unit/,TRUE
/products/,/collections/mobile-eeg-headsets,TRUE
/productspecs/Emotiv,/epoc-x,TRUE
/publications/,/blogs/glossary/eeg-headset,TRUE
/pureeeg/,/emotivpro,TRUE
/raw-eeg,/pages/raw-eeg,TRUE
/sdk-premium-edition-application-form/,/pages/developer,TRUE
/sdklite/,/,TRUE
/self-quantification-solutions/,/emotiv-app,TRUE
/setup/,/pages/setup,TRUE
/setup/epoc,/pages/quick-start-guide-epoc-x,TRUE
/setup/epoc-flex,/pages/quick-start-guide-flex,TRUE
/setup/epoc-flex/,/pages/quick-start-guide-flex,TRUE
/setup/epoc-x/,/pages/quick-start-guide-epoc-x,TRUE
/setup/epoc/,/pages/quick-start-guide-epoc-x,TRUE
/setup/extender/,/pages/quick-start-guide-extender,TRUE
/setup/insight/,/pages/quick-start-guide-insight,TRUE
/setup/mn8,/pages/quick-start-guide-mn8,TRUE
/setup/mn8/,/pages/quick-start-guide-mn8,TRUE
/shipping,/policies/shipping-policy,TRUE
/shop,https://shop.emotiv.com/,TRUE
/sitemap_pages_1.xml,/,TRUE
/sitemap_products_1.xml,/,TRUE
/store/,https://shop.emotiv.com/,TRUE
/store/apps/applications/118/3886,/,TRUE
/store/compare/sample,/pages/comparison,TRUE
/store/hardware/epoc-bci-eeg/developer-neuroheadset/,/epoc-x,TRUE
/store/product_262.html,/collections/mobile-eeg-headsets,TRUE
/store/sdk/edition/sdklite/,/,TRUE
/student-sdk-application-form/,/emotivpro,TRUE
/subscription-terms/,/pages/subscription-terms,TRUE
/Subscription-terms/,/pages/subscription-terms,TRUE
/tag/bci,/pages/bci,TRUE
/tag/bci/,/pages/bci,TRUE
/tag/consumer-market-research/,/pages/neuromarketing,TRUE
/tag/eeg/,/blogs/glossary/electroencephalogram,TRUE
/tag/emotiv-labs/,https://labs.emotiv.com/,TRUE
/tag/emotiv-mn8/,/mn8,TRUE
/tag/research-and-education/,https://get.emotiv.com/academic-research-and-education,TRUE
/tag/wireless-eeg/,/collections/mobile-eeg-headsets,TRUE
/tutorials,/blogs/tutorials,TRUE
/tutorials/,/blogs/tutorials,TRUE
/upload/manual/Research,/,TRUE
/videos/ifa-summit-17-erica-warp-brain-wearables-4-sept-2017-next-level-intelligence/,/blogs/video/ifa-summit-17-erica-warp-brain-wearables-4-sept-2017-next-level-intelligence,TRUE
/videos/kathryn-thomas-tests-the-new-e-pace/,/blogs/video/kathryn-thomas-tests-the-new-e-pace,TRUE
/videos/naive-curiosity-solves-unsolvable-problems/,/blogs/video/naive-curiosity-solves-unsolvable-problems,TRUE
/wp-admin/admin-ajax.php,/,TRUE
/wp-includes/js/dist/vendor/wp-polyfill-node-contains.min.js,/,TRUE
/wp-json/wp/v2/pages/283307,/,TRUE
/tools/knowledge-base,/knowledge-base,TRUE
/careers/,/blogs/careers,TRUE
/workplace-wellness-safety-and-productivity-mn8/,/mn8,TRUE
/refund-policy/,/pages/refund-policy,TRUE
/faq/,/knowledge-base,TRUE
/.”,/collections/mobile-eeg-headsets,TRUE
/researchers/,https://get.emotiv.com/academic-research-and-education,TRUE
/store/apps/applications/,/collections/mobile-eeg-headsets,TRUE
/store/apps/applications/117/4285,/store/compare,TRUE
/store/apps/applications/135/11483,/collections/mobile-eeg-headsets,TRUE
/store/apps/applications/135/1446,/collections/mobile-eeg-headsets,TRUE
/store/compare,/pages/comparison,TRUE
/store/hardware/epoc-bci/epoc-neuroheadset/,/epoc-x,TRUE
/tools/knowledge-base/category/epoc-cleaning-servicing,/blogs/how-to/cleaning,TRUE
/tools/knowledge-base/category/insight-cleaning,/blogs/how-to/cleaning,TRUE
/tools/knowledge-base/category/troubleshooting-and-cleaning,/blogs/how-to/cleaning,TRUE
/tools/knowledge-base/epoc-cleaning-servicing/electrode-oxidation,/blogs/how-to/cleaning,TRUE
/tools/knowledge-base/epoc-cleaning-servicing/how-often-do-i-need-to-replace-my-sensors,/blogs/how-to/cleaning,TRUE
/tools/knowledge-base/category/shipping-taxes-and-delivery,/policies/shipping-policy,TRUE
/tools/knowledge-base/shipping-taxes-and-delivery/international-shipping-duties-and-taxes-policy,/policies/shipping-policy,TRUE
/tools/knowledge-base/epoc-cleaning-servicing/the-gold-back-from-my-epoc-sensor-fell-off-what-do-i-do,https://emotiv.gitbook.io/epoc-user-manual/troubleshooting/reattaching-sensor-frame,TRUE
/store/product_95.html,/collections/mobile-eeg-headsets,TRUE
/upload/manual/EEGSpecifications.pdf,/collections/mobile-eeg-headsets,TRUE
/paper/article.164.html,/collections/mobile-eeg-headsets,TRUE
/store/apps/applications/131/,/collections/mobile-eeg-headsets,TRUE
/store/hardware/299,/collections/mobile-eeg-headsets,TRUE
/store/hardware/299/,/collections/mobile-eeg-headsets,TRUE
/tools/knowledge-base/licenses/what-is-your-criteria-for-approving-third-party-applications,/pages/developer,TRUE
/store/apps/applications/135/567,/emotivpro,TRUE
/xavier-control-panel-support-forum,/emotivpro,TRUE
/store/hardware/epoc-bci/epocneuroheadset/,/epoc-x,TRUE
/product/epoc-flex-gel-sensor-kit/,/products/flex-gel,TRUE
/tools/knowledge-base/category/faq,/tools/knowledge-base,TRUE
/tools/knowledge-base/category/epoc-flex,/tools/knowledge-base,TRUE
/tools/knowledge-base/category/epoc-x,/tools/knowledge-base,TRUE
/tools/knowledge-base/category/software,/tools/knowledge-base,TRUE
/tools/knowledge-base/category/software-troubleshooting,/tools/knowledge-base,TRUE
/tools/knowledge-base/category/xtrodes,/tools/knowledge-base,TRUE
/tools/knowledge-base/shipping-taxes-and-delivery/can-i-change-my-shipping-address-after-the-order-has-already-been-shipped,/tools/knowledge-base/change-shipping-address,TRUE
/tools/knowledge-base/epoc-flex-cleaning-and-servicing/how-to-clean-epoc-flex-saline-sensors-and-cap,/tools/knowledge-base/clean-flex-sensors-caps,TRUE
/tools/knowledge-base/epoc-flex/how-to-clean-epoc-flex-sensors-and-flex-cap,/tools/knowledge-base/clean-flex-sensors-caps,TRUE
/tools/knowledge-base/epoc-support/how-to-clean-epoc-flex-saline-sensors-and-cap,/tools/knowledge-base/clean-flex-sensors-caps,TRUE
/tools/knowledge-base/insight/how-do-i-clean-the-insight-headset-and-sensors,/tools/knowledge-base/clean-insight-headset-sensors,TRUE
/tools/knowledge-base/faq/what-else-can-you-say-about-epoc-or-insight-and-paralyzed-users,/tools/knowledge-base/emotiv-disability-communication-tech,TRUE
/tools/knowledge-base/epoc-cleaning-servicing/where-can-i-buy-epoc-saline-solution,/tools/knowledge-base/make-insight-primer-saline,TRUE
/tools/knowledge-base/emotivbci/tips-on-mental-command-training,/tools/knowledge-base/mental-commands,TRUE
/tools/knowledge-base/category/epoc-trouble-shooting,/tools/knowledge-base/signal-quality-thick-hair-epocx-flex,TRUE
/tools/knowledge-base/emotivpro/why-is-my-eeg-quality-flickering-in-emotivpro,/knowledge-base/why-is-my-eeg-quality-flickering-in-emotivpro,TRUE
/tools/knowledge-base/xtrodes/have-x-trodes-done-clinical-trials,/collections/x-trodes,TRUE
/tools/knowledge-base/epoc-getting-started/how-does-epoc-compare-to-other-consumer-brain-sensing-products,/pages/epoc-flex,TRUE
/tools/knowledge-base/mn8-troubleshooting/how-to-obtain-good-contact-quality-with-mn8,/collections/accessories,TRUE
/tools/knowledge-base/faq/does-emotiv-offer-eeg-headsets,/collections/accessories,TRUE
/tools/knowledge-base/general-issues/is-there-any-advantage-in-using-the-emotiv-universal-usb-receiver,/knowledge-base/why-users-connect-emotiv-epoc-x-usb-receiver-bluetooth,TRUE
/tools/knowledge-base/general-information/how-does-epoc-compare-to-other-clinical-eeg-systems,/pages/epoc-flex,TRUE
/blog/eeg-white-paper-mentimeter/,/blogs/news/eeg-white-paper-mentimeter,TRUE
/blog/neuromarketing-in-consumer-behavior/,/blogs/news/neuromarketing-in-consumer-behavior,TRUE
/tools/knowledge-base/technical-research-information/how-accurate-is-your-detection,/pages/raw-eeg,TRUE
/blogs/careers/hardware-electrical-engineer-pemf-vns-hanoi-or-ho-chi-minh-city-vietnam,/pages/press-business-contact,TRUE
/tools/knowledge-base/insight-support/i-got-my-insight-headset-now-what,/pages/brain-computer-interfaces-emotiv-insight,TRUE
/tools/knowledge-base/xtrodes-cleaning-and-servicing/are-x-trodes-products-waterproof,/collections/x-trodes,TRUE
/tools/knowledge-base/epoc-getting-started/what-are-the-safety-precautions-for-epoc,/pages/epoc-flex,TRUE
/tools/knowledge-base/insight-support/where-can-i-find-the-quick-start-guide-for-insight,/pages/brain-computer-interfaces-emotiv-insight,TRUE
/tools/knowledge-base/xtrodes-cleaning-and-servicing/can-i-use-the-x-trodes-system-while-charging,/collections/x-trodes,TRUE
/tools/knowledge-base/mn8-troubleshooting/how-to-connect-mn8-headset-on-macbook-m1-m2,/collections/accessories,TRUE
/tools/knowledge-base/subscription/my-paid-pro-licenses-have-expired-and-now-i-can’t-access-my-recordings-what-should-i-do,/collections/software,TRUE
/tools/knowledge-base/refunds-returns-and-replacements/what-is-emotiv’s-refund-policy,/,TRUE
/blogs/inside-emotiv,/blogs/news,TRUE
/tools/knowledge-base/xtrodes/how-long-do-x-trodes-electrodes-last,/collections/x-trodes,TRUE
/tools/knowledge-base/technical-research-information/how-did-emotiv-build-your-detection-suites,/pages/raw-eeg,TRUE
/tools/knowledge-base/technical-research-information/why-does-emotiv-epoc-stop-at-43-hz-in-range-is-there-a-way-to-expand-this-somehow,/pages/raw-eeg,TRUE
/tools/knowledge-base/emotiv-headsets/do-emotiv-headsets-themselves-offer-protection-against-emf,/collections/accessories,TRUE
/knowledge-base/does-x-trodes-really-measure-signals-from-my-brain/,/collections/x-trodes,TRUE
/tools/knowledge-base/shipping-taxes-and-delivery/what-if-my-order-is-shipped-to-the-wrong-andor-invalid-address,/policies/shipping-policy,TRUE
/tools/knowledge-base/category/mn8-support,/collections/accessories,TRUE
/blog/achieving-superhuman-capacity-through-technological-innovation/,/blogs/news/achieving-superhuman-capacity-through-technological-innovation,TRUE
/blog/bci-projects-emotiv-community/,/blogs/news/bci-projects-emotiv-community,TRUE
/tools/knowledge-base/category/emotivbci-technical-information,/pages/emotiv-insight-for-bci,TRUE
/tools/knowledge-base/xtrodes/how-many-types-of-smart-skin-electrodes-exist,/collections/x-trodes,TRUE
/tools/knowledge-base/insight-support/where-can-i-find-the-user-manual-for-insight,/pages/brain-computer-interfaces-emotiv-insight,TRUE
/tools/knowledge-base/faq/what-is-included-in-the-headset-package,/knowledge-base/is-software-included-when-you-purchase-emotiv-eeg-headset,TRUE
/tools/knowledge-base/faq/can-i-use-the-headsets-while-charging,/collections/accessories,TRUE
/tools/knowledge-base/general-information/does-eeg-quality-eq-degrade-over-time-during-extended-recordings-and-how-can-it-be-maintained,/knowledge-base/eeg-quality-over-time-maintenance,TRUE
/tools/knowledge-base/xtrodes/do-the-x-trodes-electrodes-come-in-different-sizes,/collections/x-trodes,TRUE
/tools/knowledge-base/xtrodes/can-signals-be-obtained-from-people-of-varying-body-weights,/collections/x-trodes,TRUE
/tools/knowledge-base/xtrodes/what-is-the-size-and-weight-of-x-trodes-equipment,/collections/x-trodes,TRUE
/tools/knowledge-base/xtrodes/what-type-of-battery-is-used-in-the-x-trodes-recording-system,/collections/x-trodes,TRUE
/tools/knowledge-base/epoc-flex/difference-between-flex-saline-sensors-and-flex-gel-sensors,/pages/epoc-flex,TRUE
/tools/knowledge-base/emotivpro/understanding-sensor-values-in-exported-csv-data,/collections/software,TRUE
/blog/fmcg-packaging-a-b-testing-using-vr-and-emotiv-mobile-eeg-headsets/,/pages/neuromarketing,TRUE
/tools/knowledge-base/brainviz/is-it-possible-to-customize-frequency-bands-in-the-3d-brain-visualizer-application,/collections/software,TRUE
/tools/knowledge-base/shipping-taxes-and-delivery/how-to-get-shipping-cost-estimation,/policies/shipping-policy,TRUE
/tools/knowledge-base/xtrodes/are-the-electrodes-suitable-for-all-skin-types,/collections/x-trodes,TRUE
/tools/knowledge-base/xtrodes/which-kinds-of-signals-can-i-measure-with-x-trodes-electrodes,/collections/x-trodes,TRUE
/tools/knowledge-base/faq/what-are-the-detections-based-on-how-were-the-algorithms-created,/knowledge-base/emotiv-detections-and-algorithms,TRUE
/tools/knowledge-base/epoc-getting-started/how-does-epoc-compare-to-clinical-eeg-system,/pages/epoc-flex,TRUE
/tools/knowledge-base/xtrodes-cleaning-and-servicing/can-i-take-a-shower-with-the-x-trodes-electrodes-on-me,/collections/x-trodes,TRUE
/tools/knowledge-base/category/brainviz,/collections/software,TRUE
/tools/knowledge-base/epoc-flex-support/how-to-select-the-flex-cap-size,/pages/epoc-flex,TRUE
/tools/knowledge-base/insight-support/what-does-insight-sensor-pack-include,/pages/brain-computer-interfaces-emotiv-insight,TRUE
/tools/knowledge-base/shipping-taxes-and-delivery/understanding-tax-exemption-for-emotiv-orders,/policies/shipping-policy,TRUE
/tools/knowledge-base/epoc-getting-started/where-can-i-find-the-quick-start-guide-for-epoc,/pages/epoc-flex,TRUE
/tools/knowledge-base/emotiv-headsets/can-i-measure-event-related-potential-erp-components-such-as-p300-with-emotiv-headsets,/pages/raw-eeg,TRUE
/blogs/news/the-essential-guide-to-eeg-electrode-caps-for-sale,/blogs/news/eeg-machine-for-sale,TRUE
/blog/renault-kadjar-presents-team-will-power-2/,/blogs/news,TRUE
/independent-studies/brain-computer-interface-based-on-generation-of-visual-images/,/blogs/independent-research,TRUE
/tools/knowledge-base/category/headsets,/collections/accessories,TRUE
/forum/messages/forum16/topic579/message3363/,/,TRUE
/tools/knowledge-base/licenses/what-are-the-terms-of-the-emotiv-end-user-license-agreement,/policies/shipping-policy,TRUE
/tools/knowledge-base/faq/measure-when-the-frequency-ratio-of-alpha-to-beta,/pages/raw-eeg,TRUE
/tools/knowledge-base/insight-troubleshooting/how-to-get-good-contact-quality-with-insight,/pages/brain-computer-interfaces-emotiv-insight,TRUE
/tools/knowledge-base/xtrodes/can-i-use-the-x-trodes-electrodes-more-than-once,/collections/x-trodes,TRUE
/videos/adaptive-assistance-for-improved-well-being-and-productivity-at-work/,/blogs/video,TRUE
/tools/knowledge-base/category/general-information,/,TRUE
/how-to/data-insights/how-to-choose-the-right-emotiv-eeg-headset-for-your-research/,/blogs/news/tagged/eeg,TRUE
/tools/knowledge-base/epoc-getting-started/how-do-you-measure-emotions-in-the-first-place-to-compare-the-outputs-and-come-up-with-a-number,/pages/raw-eeg,TRUE
/forum/messages/forum4/topic114/message392/,/,TRUE
/tools/knowledge-base/category/cortex-sdk-api,/collections/software,TRUE
/tools/knowledge-base/general-information/can-the-emotiv-devices-be-used-during-physical-activity,/collections/accessories,TRUE
/tools/knowledge-base/general-issues/why-am-i-seeing-dropouts-while-using-emotiv-usb-receiver-with-the-emotiv-headsets,/collections/accessories,TRUE
/tools/knowledge-base/category/technical-research-information,/pages/raw-eeg,TRUE
/tools/knowledge-base/technical-information/why-do-users-connect-the-emotiv-epoc-x-via-the-usb-receiver-or-bluetooth,/pages/epoc-flex,TRUE
/blogs/career/senior-cloud-software-engineer-hanoi-vietnam,/blogs/careers,TRUE
/tools/knowledge-base/category/mn8-troubleshooting,/collections/accessories,TRUE
/tools/knowledge-base/xtrodes/xtrodes-user-manual-and-tutorial-videos,/collections/x-trodes,TRUE
/tools/knowledge-base/shipping-taxes-and-delivery/can-i-cancel-my-order-after-it-has-been-placed-and-paid,/policies/shipping-policy,TRUE
/tools/knowledge-base/emotivpro/how-to-submit-feedback-via-emotivpro-for-issue-investigation,/collections/software,TRUE
/tools/knowledge-base/research-information/can-als-patients-or-individuals-with-severe-disabilities-benefit-from-emotiv-technology,/pages/brain-computer-interfaces-emotiv-insight,TRUE
/tools/knowledge-base/faq/how-are-eeg-headsets-used-for-research,/blogs/news/tagged/eeg,TRUE
/tools/knowledge-base/xtrodes-cleaning-and-servicing/is-it-safe-to-use-x-trodes-products,/collections/x-trodes,TRUE
/tools/knowledge-base/subscription/what-happens-if-i-upgrade-or-downgrade-my-subscription,/collections/software,TRUE
/products/epoc-x,/epoc-x,TRUE
/products/emotiv-brainviz,/emotiv-brainviz,TRUE
/zh/blogs/glossary/:bwJitJoed,/zh/blogs/glossary,FALSE
/products/emotiv-launcher,/emotiv-launcher,TRUE
/products/emotiv-bci,/emotiv-bci,TRUE
/products/emotivpro,/emotivpro,TRUE
/product/brainviz,/emotiv-brainviz,TRUE
/forum/forum12/topic167/,https://forum.emotiv.com/,TRUE
/forum/messages/forum14/topic3665/message16825/,https://forum.emotiv.com/,TRUE
/forum/forum12/topic1288/,https://forum.emotiv.com/,TRUE
/forum/messages/forum14/topic1349/message7946/,https://forum.emotiv.com/,TRUE
/forum/messages/forum14/topic1519/message8872/,https://forum.emotiv.com/,TRUE
/forum/messages/forum4/topic484/message2659/,https://forum.emotiv.com/,TRUE
/forum/*,https://forum.emotiv.com/,TRUE
/playground/mn8-new,/mn8,TRUE
/products/x-trodes,/x-trodes,TRUE
/knowle,/knowledge-base,TRUE
/tools/knowledge-base/performance-metrics/performance-metrics,/knowledge-base/performance-metrics,TRUE
/tools/knowledge-base/faq/what-are-the-performance-metrics-detection-suite,/pages/performance-metrics,TRUE
/emotiv-pro/,/emotivpro,TRUE
/product/emotiv-bci/,/emotiv-bci,TRUE
/my-account/,https://account.emotiv.com/my-account/,TRUE
/pages/bci,/brain-computer-interface,TRUE
/insight/,/insight,TRUE
/insight,/insight,TRUE
/collections/software,https://shop.emotiv.com/software,TRUE
/collections/accessories,https://shop.emotiv.com/accessories,TRUE
/collections/applications,https://shop.emotiv.com/software,TRUE
/collections/x-trodes,/x-trodes,TRUE
/collections/da-all-products,/collections/mobile-eeg-headsets,TRUE
/collections/insight-accessories,https://shop.emotiv.com/accessories,TRUE
/collections/flex-accessories,https://shop.emotiv.com/accessories,TRUE
/collections/epoc-accessories,https://shop.emotiv.com/accessories,TRUE
/collections/emotivpro-3-0,https://www.emotiv.com/emotivpro,TRUE
/collections,/collections/mobile-eeg-headsets,TRUE
/launcher,/emotiv-launcher,TRUE
/pages/download-emotiv-launcher,/emotiv-launcher,TRUE
/download-emotiv-launcher,/emotiv-launcher,TRUE
/products/mn8,/mn8,TRUE
/tools/knowledge-base/emotiv-during-physical-activity,/knowledge-base/can-the-emotiv-devices-be-used-during-physical-activity,TRUE
/tools/knowledge-base/is-software-included-when-you-purchase-the-emotiv-eeg-headset,/knowledge-base/is-software-included-when-you-purchase-emotiv-eeg-headset,TRUE
/tools/knowledge-base/emotiv-headsets/can-i-wear-epoc-or-insight-with-vr-headsets,/knowledge-base/can-emotiv-products-be-worn-with-vr-ar,TRUE
/tools/knowledge-base/epoc-flex/tips-to-achieve-good-signal-quality-with-long-and-thick-hair-and-epoc-x-or-flex-saline,/knowledge-base/signal-quality-thick-hair-epocx-flex,TRUE
/tools/knowledge-base/,/knowledge-base,TRUE
/tools/knowledge-base/epoc-trouble-shooting/how-to-get-good-contact-quality-with-epoc-2,/knowledge-base/ensure-good-electrode-contact,TRUE
/cn,/zh,FALSE
/in,/hi,FALSE
/jp,/ja,FALSE
/vn,/vi,FALSE
/blog/enjoythescience-inside-brain-depeche-mode-fan/,/blogs/news/enjoythescience-inside-brain-depeche-mode-fan,TRUE
/collections/all,/epoc-x,TRUE
/products/insight,/insight,TRUE
/blog/mind-controlled-robots-factories-future/,/blogs/news/mind-controlled-robots-factories-future,TRUE
/blog/neuroscience-can-help-explain-football-fans-behaviour/,/blogs/news/neuroscience-can-help-explain-football-fans-behaviour,TRUE
/tools/knowledge-base/faq/what-is-an-eeg-headset,/blogs/glossary/eeg-headset,TRUE
/blogs/how-to/tagged/flex.atom,/blogs/how-to,TRUE
/blogs/how-to/tagged/insight.atom,/blogs/how-to,TRUE
/blogs/independent-studies/evaluation_of_ssvep_as_passive_feedback_for_improving_the_performance_of_brain-machine_interfaces,/blogs/independent-research/evaluation-of-ssvep-as-passive-feedback-for-improving-the-performance-of-brain-machine-interfaces,TRUE
/blog,/blogs/news,TRUE
/blog/ai-and-emotional-analytics/,/blogs/news,TRUE
/blogs/news/a-,/blogs/news,TRUE
/category/blog/,/blogs/news,TRUE
/category/news,/blogs/news,TRUE
/category/news/,/blogs/news,TRUE
/category/news/page/2/,/blogs/news,TRUE
/category/whitepapers/,/blogs/news,TRUE
/blog/solution-to-weird-sample-groups/,/blogs/news/:PUp1bDXI6,TRUE
/blog/10-years-emotiv-epoc-research/,/blogs/news/10-years-emotiv-epoc-research,TRUE
/blog/bci-applications-for-vr-ar/,/blogs/news/bci-applications-for-vr-ar,TRUE
/blog/brainlight,/blogs/news/brainlight,TRUE
/blog/brainlight/,/blogs/news/brainlight,TRUE
/blog/brains-vs-virus-study-updates/,/blogs/news/brains-vs-virus-study-updates,TRUE
/blog/cartography-of-the-mind-exhibition/,/blogs/news/cartography-of-the-mind-exhibition,TRUE
/blog/developers-unleash-your-creativity-on-our-dime/,/blogs/news/developers-unleash-your-creativity-on-our-dime,TRUE
/news/developers-unleash-your-creativity-on-our-dime/,/blogs/news/developers-unleash-your-creativity-on-our-dime,TRUE
/blog/engage-emotions-and-create-impact-story/,/blogs/news/engage-emotions-and-create-impact-story,TRUE
/blog/enhance-mental-agility-resilience-and-capacity/,/blogs/news/enhance-mental-agility-resilience-and-capacity,TRUE
/blog/enjoythescience-inside-brain-depeche-mode-fan,/blogs/news/enjoythescience-inside-brain-depeche-mode-fan,TRUE
/blog/holistic-workplace-to-improve-employee-wellbeing/,/blogs/news/holistic-workplace-to-improve-employee-wellbeing,TRUE
/blog/intuitive-car-finder-volkswagen-schachzug/,/blogs/news/intuitive-car-finder-volkswagen-schachzug,TRUE
/blog/main-challenges-in-eeg-research/,/blogs/news/main-challenges-in-eeg-research,TRUE
/blog/neuro-tourism-research-singapore-tourism/,/blogs/news/neuro-tourism-research-singapore-tourism,TRUE
/blog/noor-brain-opera-ellen-pearlman,/blogs/news/noor-brain-opera-ellen-pearlman,TRUE
/blog/remote-data-collection-better-neuroscience-research/,/blogs/news/remote-data-collection-better-neuroscience-research,TRUE
/blog/why-is-it-important-to-know-your-brain,/blogs/news/why-is-it-important-to-know-your-brain,TRUE
/blog/workplace-wellness-using-eeg-technology/,/blogs/news/workplace-wellness-using-eeg-technology,TRUE
/blog/year-in-review-top-neurotech-stories-of-2021/,/blogs/news/year-in-review-top-neurotech-stories-of-2021,TRUE
/news/ai-takes-aim-at-the-human-brain/,/blogs/press/ai-takes-aim-at-the-human-brain,TRUE
/news/camille/,/blogs/press/camille,TRUE
/news/co-design-this-mind-reading-headset-gives-you-the-power-of-the-force/,/blogs/press/co-design-this-mind-reading-headset-gives-you-the-power-of-the-force,TRUE
/news/davos-2020/,/blogs/press/davos-2020,TRUE
/news/emotiv-epoc-flex-saline-testimonial-from-macquarie-university/,/blogs/press/emotiv-epoc-flex-saline-testimonial-from-macquarie-university,TRUE
/news/emotiv-insight-headset-gives-you-jedi-powers/,/blogs/press/emotiv-insight-headset-gives-you-jedi-powers,TRUE
/news/emotivate-change-a-bci-hackathon-in-support-of-people-with-disabilities/,/blogs/press/emotivate-change-a-bci-hackathon-in-support-of-people-with-disabilities,TRUE
/news/evaluating-if-children-can-use-simple-brain-computer-interfaces-2/,/blogs/press/evaluating-if-children-can-use-simple-brain-computer-interfaces-2,TRUE
/news/interview-with-emotivs-cto-dr-geoffrey-mackellar-on-epoc-xs-new-features/,/blogs/press/interview-with-emotivs-cto-dr-geoffrey-mackellar-on-epoc-xs-new-features,TRUE
/news/loreal-in-partnership-with-emotiv-neurotech-leader/,/blogs/press/loreal-in-partnership-with-emotiv-neurotech-leader,TRUE
/news/nat-geo-portable-brain-scan-headsets-4-incredible-applications/,/blogs/press/nat-geo-portable-brain-scan-headsets-4-incredible-applications,TRUE
/news/nat-geo-this-is-your-brain-on-nature/,/blogs/press/nat-geo-this-is-your-brain-on-nature,TRUE
/news/neurotechnology-meets-neuroscience-education,/blogs/press/neurotechnology-meets-neuroscience-education,TRUE
/news/neurotechnology-meets-neuroscience-education/,/blogs/press/neurotechnology-meets-neuroscience-education,TRUE
/news/personalizing-workplace-learning-with-sap-and-emotiv/,/blogs/press/personalizing-workplace-learning-with-sap-and-emotiv,TRUE
/news/prioritizing-the-wellbeing-of-your-greatest-asset-your-workforce/,/blogs/press/prioritizing-the-wellbeing-of-your-greatest-asset-your-workforce,TRUE
/news/project-thinking-cap/,/blogs/press/project-thinking-cap,TRUE
/news/research-finds-huge-differences-brain-activity-amateur-professional-players/,/blogs/press/research-finds-huge-differences-brain-activity-amateur-professional-players,TRUE
/glossary/brain-research,/blogs/whitepaper/breaking-brain-research-out-of-the-lab,TRUE
/whitepapers/neuroscience-to-improve-user-experience/,/blogs/whitepaper/neuroscience-to-improve-user-experience,TRUE
/news/pro-license-updates-new-features-and-licensing-options/,/emotivpro,TRUE
/knowledge-base/how-to-tell-if-your-mac-has-bluetooth-4-0-btle/,/knowledge-base,TRUE
/tools/knowledge-base/refunds-returns-and-replacements/can-i-return-a-product-for-refund,/knowledge-base/can-i-return-a-product-for-a-refund,TRUE
/tools/knowledge-base/epoc-flex/how-to-embed-ecg-and-eog-electrodoessystems-with-epoc-flex,/knowledge-base/embed-ecg-eog-electrodes-systems-with-epoc-fle,TRUE
/tools/knowledge-base/general-information/what-data-streams-does-emotiv-provide,/knowledge-base/emotiv-data-streams,TRUE
/knowledge-base/why-are-beta-waves-split-into-low-beta-and-high-beta-in-emotivpro-while-others-are-not,/knowledge-base/emotivpro-low-vs-high-beta-waves,TRUE
/tools/knowledge-base/emotivpro-technical-information/why-are-beta-waves-split-into-low-beta-and-high-beta-in-emotivpro-while-others-are-not,/knowledge-base/emotivpro-low-vs-high-beta-waves,TRUE
/tools/knowledge-base/emotivpro-technical-information/how-to-import-edf-files-from-emotivpro-into-eeglab,/knowledge-base/how-to-import-edf-files-from-emotivpro-into-eeglab,TRUE
/tools/knowledge-base/insight/how-to-make-primer-fluid-for-insight-and-saline-solution-for-epoc-x-flex,/knowledge-base/make-insight-primer-saline,TRUE
/tools/knowledge-base/mental-commands/mental-commands,/knowledge-base/mental-commands,TRUE
/product/emotiv-sdk-advanced/,/pages/developer,TRUE
/cortex-ui/,/pages/developer,TRUE
/get-started/,/pages/setup,TRUE
/tools/knowledge-base/refunds-returns-and-replacements/can-i-cancel-my-order-after-it-has-been-placed-and-paid-2,/pages/shipping,TRUE
/independent-studies/evaluation-of-ssvep-as-passive-feedback-for-improving-the-performance-of-brain-machine-interfaces/,/blogs/independent-research/evaluation-of-ssvep-as-passive-feedback-for-improving-the-performance-of-brain-machine-interfaces,TRUE
/products/emotiv-launcher-windows,/emotiv-launcher,TRUE
/products/epoc-xA,/epoc-x,TRUE
/product/emotiv-epoc-14-channel-,/epoc-x,TRUE
/product/emotiv-epoc-14-,/epoc-x,TRUE
/product/epoc-,/epoc-x,TRUE
/about/,/pages/about,TRUE
/epoc;,/epoc-x,TRUE
/epoc-x/%29,/epoc-x,TRUE
/epocx,/epoc-x,TRUE
/emotiv-epoc-x,/epoc-x,TRUE
/product/epoc-x,/epoc-x,TRUE
"/,",/,TRUE
/tools/knowledge-base/*,/knowledge-base,TRUE
/products/emotivbci,/emotiv-bci,TRUE
/my-account/delete,http://account.emotiv.com/my-account/delete/,FALSE
/pages/emotiv-app,/emotiv-app,TRUE
/neuroscience/neuroscience,/neuroscience,TRUE
/\),/,TRUE
/product/emotiv-epoc-x-14-channel-mobile-,/epoc-x,TRUE
/careers/junior-python-,/care,FALSE
/careers/junior-python-developer-hanoi-vietnam/,/blogs/careers,TRUE
/product/emotiv-epoc-14-channel-mobile-eeg/SVMRFKNN,/epoc-x,TRUE
/l,/,TRUE
/product/emotiv-epoc-,/epoc-x,TRUE
/tag/epoc-x/,/epoc-x,TRUE
/product/emotiv-epoc-x-14-channel-mobile-eeg/,/epoc-x,TRUE
/epoc-,/epoc-x,TRUE
/epoc.php;,/epoc-x,TRUE
/product/epoc-flex-control-box/,https://shop.emotiv.com/flex-control-box-2-0/,FALSE
/b,/,TRUE
/careers/cloud-software-engineer-full-time/,/blogs/careers,TRUE
/tag/insight/,/insight,TRUE
/neuroscience-,/neuroscience,TRUE
/blogs/career.atom,/blogs/careers,TRUE
/epoc1,/epoc-x,TRUE
/products/emotiv-studio,/emotiv-studio,FALSE
/products/flex-gel,/flex-2,TRUE
/products/flex-saline,/flex-2,TRUE
/studio,/emotiv-studio,TRUE
/flex,/flex-2,TRUE
/about-,/pages/about,TRUE